,Date,Price
0,2017-06-01,2430.06
1,2017-06-02,2439.07
2,2017-06-05,2436.1
3,2017-06-06,2429.33
4,2017-06-07,2433.14
5,2017-06-08,2433.79
6,2017-06-09,2431.77
7,2017-06-12,2429.39
8,2017-06-13,2440.35
9,2017-06-14,2437.92
10,2017-06-15,2432.46
11,2017-06-16,2433.15
12,2017-06-19,2453.46
13,2017-06-20,2437.03
14,2017-06-21,2435.61
15,2017-06-22,2434.5
16,2017-06-23,2438.3
17,2017-06-26,2439.07
18,2017-06-27,2419.38
19,2017-06-28,2440.69
20,2017-06-29,2419.7
21,2017-06-30,2423.41
22,2017-07-03,2429.01
23,2017-07-05,2432.54
24,2017-07-06,2409.75
25,2017-07-07,2425.18
26,2017-07-10,2427.43
27,2017-07-11,2425.53
28,2017-07-12,2443.25
29,2017-07-13,2447.83
30,2017-07-14,2459.27
31,2017-07-17,2459.14
32,2017-07-18,2460.61
33,2017-07-19,2473.83
34,2017-07-20,2473.45
35,2017-07-21,2472.54
36,2017-07-24,2469.91
37,2017-07-25,2477.13
38,2017-07-26,2477.83
39,2017-07-27,2475.42
40,2017-07-28,2472.1
41,2017-07-31,2470.3
42,2017-08-01,2476.35
43,2017-08-02,2477.57
44,2017-08-03,2472.16
45,2017-08-04,2476.83
46,2017-08-07,2480.91
47,2017-08-08,2474.92
48,2017-08-09,2474.02
49,2017-08-10,2438.21
50,2017-08-11,2441.32
51,2017-08-14,2465.84
52,2017-08-15,2464.61
53,2017-08-16,2468.11
54,2017-08-17,2430.01
55,2017-08-18,2425.55
56,2017-08-21,2428.37
57,2017-08-22,2452.51
58,2017-08-23,2444.04
59,2017-08-24,2438.97
60,2017-08-25,2443.05
61,2017-08-28,2444.24
62,2017-08-29,2446.3
63,2017-08-30,2457.59
64,2017-08-31,2471.65
65,2017-09-01,2476.55
66,2017-09-05,2457.85
67,2017-09-06,2465.54
68,2017-09-07,2465.1
69,2017-09-08,2461.43
70,2017-09-11,2488.11
71,2017-09-12,2496.48
72,2017-09-13,2498.37
73,2017-09-14,2495.62
74,2017-09-15,2500.23
75,2017-09-18,2503.87
76,2017-09-19,2506.65
77,2017-09-20,2508.24
78,2017-09-21,2500.6
79,2017-09-22,2502.22
80,2017-09-25,2496.66
81,2017-09-26,2496.84
82,2017-09-27,2507.04
83,2017-09-28,2510.06
84,2017-09-29,2519.36
85,2017-10-02,2529.12
86,2017-10-03,2534.58
87,2017-10-04,2537.74
88,2017-10-05,2552.07
89,2017-10-06,2549.33
90,2017-10-09,2544.73
91,2017-10-10,2550.64
92,2017-10-11,2555.24
93,2017-10-12,2550.93
94,2017-10-13,2553.17
95,2017-10-16,2557.64
96,2017-10-17,2559.36
97,2017-10-18,2561.26
98,2017-10-19,2562.1
99,2017-10-20,2575.21
100,2017-10-23,2564.98
101,2017-10-24,2569.13
102,2017-10-25,2557.15
103,2017-10-26,2560.4
104,2017-10-27,2581.07
105,2017-10-30,2572.83
106,2017-10-31,2575.26
107,2017-11-01,2579.36
108,2017-11-02,2579.85
109,2017-11-03,2587.84
110,2017-11-06,2591.13
111,2017-11-07,2590.64
112,2017-11-08,2594.38
113,2017-11-09,2584.62
114,2017-11-10,2582.3
115,2017-11-13,2584.84
116,2017-11-14,2578.87
117,2017-11-15,2564.62
118,2017-11-16,2585.64
119,2017-11-17,2578.85
120,2017-11-20,2582.14
121,2017-11-21,2599.03
122,2017-11-22,2597.08
123,2017-11-24,2602.42
124,2017-11-27,2601.42
125,2017-11-28,2627.04
126,2017-11-29,2626.07
127,2017-11-30,2647.58
128,2017-12-01,2642.22
129,2017-12-04,2639.44
130,2017-12-05,2629.57
131,2017-12-06,2629.27
132,2017-12-07,2636.98
133,2017-12-08,2651.5
134,2017-12-11,2659.99
135,2017-12-12,2664.11
136,2017-12-13,2662.85
137,2017-12-14,2652.01
138,2017-12-15,2675.81
139,2017-12-18,2690.16
140,2017-12-19,2681.47
141,2017-12-20,2679.25
142,2017-12-21,2684.57
143,2017-12-22,2683.34
144,2017-12-26,2680.5
145,2017-12-27,2682.62
146,2017-12-28,2687.54
147,2017-12-29,2673.61
148,2018-01-02,2695.81
149,2018-01-03,2713.06
150,2018-01-04,2723.99
151,2018-01-05,2743.15
152,2018-01-08,2747.71
153,2018-01-09,2751.29
154,2018-01-10,2748.23
155,2018-01-11,2767.56
156,2018-01-12,2786.24
157,2018-01-16,2776.42
158,2018-01-17,2802.56
159,2018-01-18,2798.03
160,2018-01-19,2810.3
161,2018-01-22,2832.97
162,2018-01-23,2839.13
163,2018-01-24,2837.54
164,2018-01-25,2839.25
165,2018-01-26,2872.87
166,2018-01-29,2853.53
167,2018-01-30,2822.43
168,2018-01-31,2823.81
169,2018-02-01,2821.98
170,2018-02-02,2762.13
171,2018-02-05,2648.94
172,2018-02-06,2695.14
173,2018-02-07,2681.66
174,2018-02-08,2581.0
175,2018-02-09,2619.55
176,2018-02-12,2656.0
177,2018-02-13,2662.94
178,2018-02-14,2698.63
179,2018-02-15,2731.2
180,2018-02-16,2732.22
181,2018-02-20,2716.26
182,2018-02-21,2701.33
183,2018-02-22,2703.96
184,2018-02-23,2747.3
185,2018-02-26,2779.6
186,2018-02-27,2744.28
187,2018-02-28,2713.83
188,2018-03-01,2677.67
189,2018-03-02,2691.25
190,2018-03-05,2720.94
191,2018-03-06,2728.12
192,2018-03-07,2726.8
193,2018-03-08,2738.97
194,2018-03-09,2786.57
195,2018-03-12,2783.02
196,2018-03-13,2765.31
197,2018-03-14,2749.48
198,2018-03-15,2747.33
199,2018-03-16,2752.01
200,2018-03-19,2712.92
201,2018-03-20,2716.94
202,2018-03-21,2711.93
203,2018-03-22,2643.69
204,2018-03-23,2588.26
205,2018-03-26,2658.55
206,2018-03-27,2612.62
207,2018-03-28,2605.0
208,2018-03-29,2640.87
209,2018-04-02,2581.88
210,2018-04-03,2614.45
211,2018-04-04,2644.69
212,2018-04-05,2662.84
213,2018-04-06,2604.47
214,2018-04-09,2613.16
215,2018-04-10,2656.87
216,2018-04-11,2642.19
217,2018-04-12,2663.99
218,2018-04-13,2656.3
219,2018-04-16,2677.84
220,2018-04-17,2706.39
221,2018-04-18,2708.64
222,2018-04-19,2693.13
223,2018-04-20,2670.14
224,2018-04-23,2670.29
225,2018-04-24,2634.56
226,2018-04-25,2639.4
227,2018-04-26,2666.94
228,2018-04-27,2669.91
229,2018-04-30,2648.05
230,2018-05-01,2654.8
231,2018-05-02,2635.67
232,2018-05-03,2629.73
233,2018-05-04,2663.42
234,2018-05-07,2672.63
235,2018-05-08,2671.92
236,2018-05-09,2697.79
237,2018-05-10,2723.07
238,2018-05-11,2727.72
239,2018-05-14,2730.13
240,2018-05-15,2711.45
241,2018-05-16,2722.46
242,2018-05-17,2720.13
243,2018-05-18,2712.97
244,2018-05-21,2733.01
245,2018-05-22,2724.44
246,2018-05-23,2733.29
247,2018-05-24,2727.76
248,2018-05-25,2721.33
249,2018-05-29,2689.86
250,2018-05-30,2724.01
251,2018-05-31,2705.27
252,2018-06-01,2734.62
253,2018-06-04,2746.87
254,2018-06-05,2748.8
255,2018-06-06,2772.35
256,2018-06-07,2770.37
257,2018-06-08,2779.03
258,2018-06-11,2782.0
259,2018-06-12,2786.85
260,2018-06-13,2775.63
261,2018-06-14,2782.49
262,2018-06-15,2779.66
263,2018-06-18,2773.75
264,2018-06-19,2762.59
265,2018-06-20,2767.32
266,2018-06-21,2749.76
267,2018-06-22,2754.88
268,2018-06-25,2717.07
269,2018-06-26,2723.06
270,2018-06-27,2699.63
271,2018-06-28,2716.31
272,2018-06-29,2718.37
273,2018-07-02,2726.71
274,2018-07-03,2713.22
275,2018-07-05,2736.61
276,2018-07-06,2759.82
277,2018-07-09,2784.17
278,2018-07-10,2793.84
279,2018-07-11,2774.02
280,2018-07-12,2798.29
281,2018-07-13,2801.31
282,2018-07-16,2798.43
283,2018-07-17,2809.55
284,2018-07-18,2815.62
285,2018-07-19,2804.49
286,2018-07-20,2801.83
287,2018-07-23,2806.98
288,2018-07-24,2820.4
289,2018-07-25,2846.07
290,2018-07-26,2837.44
291,2018-07-27,2818.82
292,2018-07-30,2802.6
293,2018-07-31,2816.29
294,2018-08-01,2813.36
295,2018-08-02,2827.22
296,2018-08-03,2840.35
297,2018-08-06,2850.4
298,2018-08-07,2858.45
299,2018-08-08,2857.7
300,2018-08-09,2853.58
301,2018-08-10,2833.28
302,2018-08-13,2821.93
303,2018-08-14,2839.96
304,2018-08-15,2818.37
305,2018-08-16,2840.69
306,2018-08-17,2850.13
307,2018-08-20,2857.05
308,2018-08-21,2862.96
309,2018-08-22,2861.82
310,2018-08-23,2856.98
311,2018-08-24,2874.69
312,2018-08-27,2896.74
313,2018-08-28,2897.52
314,2018-08-29,2914.04
315,2018-08-30,2901.13
316,2018-08-31,2901.52
317,2018-09-04,2896.72
318,2018-09-05,2888.6
319,2018-09-06,2878.05
320,2018-09-07,2871.68
321,2018-09-10,2877.13
322,2018-09-11,2887.89
323,2018-09-12,2888.92
324,2018-09-13,2904.18
325,2018-09-14,2904.98
326,2018-09-17,2888.8
327,2018-09-18,2904.31
328,2018-09-19,2907.95
329,2018-09-20,2930.75
330,2018-09-21,2929.67
331,2018-09-24,2919.37
332,2018-09-25,2915.56
333,2018-09-26,2905.97
334,2018-09-27,2914.0
335,2018-09-28,2913.98
336,2018-10-01,2924.59
337,2018-10-02,2923.43
338,2018-10-03,2925.51
339,2018-10-04,2901.61
340,2018-10-05,2885.57
341,2018-10-08,2884.43
342,2018-10-09,2880.34
343,2018-10-10,2785.68
344,2018-10-11,2728.37
345,2018-10-12,2767.13
346,2018-10-15,2750.79
347,2018-10-16,2809.92
348,2018-10-17,2809.21
349,2018-10-18,2768.78
350,2018-10-19,2767.78
351,2018-10-22,2755.88
352,2018-10-23,2740.69
353,2018-10-24,2656.1
354,2018-10-25,2705.57
355,2018-10-26,2658.69
356,2018-10-29,2641.25
357,2018-10-30,2682.63
358,2018-10-31,2711.74
359,2018-11-01,2740.37
360,2018-11-02,2723.06
361,2018-11-05,2738.31
362,2018-11-06,2755.45
363,2018-11-07,2813.89
364,2018-11-08,2806.83
365,2018-11-09,2781.01
366,2018-11-12,2726.22
367,2018-11-13,2722.18
368,2018-11-14,2701.58
369,2018-11-15,2730.2
370,2018-11-16,2736.27
371,2018-11-19,2690.73
372,2018-11-20,2641.89
373,2018-11-21,2649.93
374,2018-11-23,2632.56
375,2018-11-26,2673.45
376,2018-11-27,2682.17
377,2018-11-28,2743.79
378,2018-11-29,2737.76
379,2018-11-30,2760.17
380,2018-12-03,2790.37
381,2018-12-04,2700.06
382,2018-12-06,2695.95
383,2018-12-07,2633.08
384,2018-12-10,2637.72
385,2018-12-11,2636.78
386,2018-12-12,2651.07
387,2018-12-13,2650.54
388,2018-12-14,2599.95
389,2018-12-17,2545.94
390,2018-12-18,2546.16
391,2018-12-19,2506.96
392,2018-12-20,2467.42
393,2018-12-21,2416.62
394,2018-12-24,2351.1
395,2018-12-26,2467.7
396,2018-12-27,2488.83
397,2018-12-28,2485.74
398,2018-12-31,2506.85
399,2019-01-02,2510.03
400,2019-01-03,2447.89
401,2019-01-04,2531.94
402,2019-01-07,2549.69
403,2019-01-08,2574.41
404,2019-01-09,2584.96
405,2019-01-10,2596.64
406,2019-01-11,2596.26
407,2019-01-14,2582.61
408,2019-01-15,2610.3
409,2019-01-16,2616.1
410,2019-01-17,2635.96
411,2019-01-18,2670.71
412,2019-01-22,2632.9
413,2019-01-23,2638.7
414,2019-01-24,2642.33
415,2019-01-25,2664.76
416,2019-01-28,2643.85
417,2019-01-29,2640.0
418,2019-01-30,2681.05
419,2019-01-31,2704.1
420,2019-02-01,2706.53
421,2019-02-04,2724.87
422,2019-02-05,2737.7
423,2019-02-06,2731.61
424,2019-02-07,2706.05
425,2019-02-08,2707.88
426,2019-02-11,2709.8
427,2019-02-12,2744.73
428,2019-02-13,2753.03
429,2019-02-14,2745.73
430,2019-02-15,2775.6
431,2019-02-19,2779.76
432,2019-02-20,2784.7
433,2019-02-21,2774.88
434,2019-02-22,2792.67
435,2019-02-25,2796.11
436,2019-02-26,2793.9
437,2019-02-27,2792.38
438,2019-02-28,2784.49
439,2019-03-01,2803.69
440,2019-03-04,2792.81
441,2019-03-05,2789.65
442,2019-03-06,2771.45
443,2019-03-07,2748.93
444,2019-03-08,2743.07
445,2019-03-11,2783.3
446,2019-03-12,2791.52
447,2019-03-13,2810.92
448,2019-03-14,2808.48
449,2019-03-15,2822.48
450,2019-03-18,2832.94
451,2019-03-19,2832.57
452,2019-03-20,2824.23
453,2019-03-21,2854.88
454,2019-03-22,2800.71
455,2019-03-25,2798.36
456,2019-03-26,2818.46
457,2019-03-27,2805.37
458,2019-03-28,2815.44
459,2019-03-29,2834.4
460,2019-04-01,2867.19
461,2019-04-02,2867.24
462,2019-04-03,2873.4
463,2019-04-04,2879.39
464,2019-04-05,2892.74
465,2019-04-08,2895.77
466,2019-04-09,2878.2
467,2019-04-10,2888.21
468,2019-04-11,2888.32
469,2019-04-12,2907.41
470,2019-04-15,2905.58
471,2019-04-16,2907.06
472,2019-04-17,2900.45
473,2019-04-18,2905.03
474,2019-04-22,2907.97
475,2019-04-23,2933.68
476,2019-04-24,2927.25
477,2019-04-25,2926.17
478,2019-04-26,2939.88
479,2019-04-29,2943.03
480,2019-04-30,2945.83
481,2019-05-01,2923.73
482,2019-05-02,2917.52
483,2019-05-03,2945.64
484,2019-05-06,2932.47
485,2019-05-07,2884.05
486,2019-05-08,2879.42
487,2019-05-09,2870.72
488,2019-05-10,2881.4
489,2019-05-13,2811.87
490,2019-05-14,2834.41
491,2019-05-15,2850.96
492,2019-05-16,2876.32
493,2019-05-17,2859.53
494,2019-05-20,2840.23
495,2019-05-21,2864.36
496,2019-05-22,2856.27
497,2019-05-23,2822.24
498,2019-05-24,2826.06
499,2019-05-28,2802.39
500,2019-05-29,2783.02
501,2019-05-30,2788.86
502,2019-05-31,2752.06
503,2019-06-03,2744.45
504,2019-06-04,2803.27
505,2019-06-05,2826.15
506,2019-06-06,2843.49
507,2019-06-07,2873.34
508,2019-06-10,2886.73
509,2019-06-11,2885.72
510,2019-06-12,2879.84
511,2019-06-13,2891.64
512,2019-06-14,2886.98
513,2019-06-17,2889.67
514,2019-06-18,2917.75
515,2019-06-19,2926.46
516,2019-06-20,2954.18
517,2019-06-21,2950.46
518,2019-06-24,2945.35
519,2019-06-25,2917.38
520,2019-06-26,2913.78
521,2019-06-27,2924.92
522,2019-06-28,2941.76
523,2019-07-01,2964.33
524,2019-07-02,2973.01
525,2019-07-03,2995.82
526,2019-07-05,2990.41
527,2019-07-08,2975.95
528,2019-07-09,2979.63
529,2019-07-10,2993.07
530,2019-07-11,2999.91
531,2019-07-12,3013.77
532,2019-07-15,3014.3
533,2019-07-16,3004.04
534,2019-07-17,2984.42
535,2019-07-18,2995.11
536,2019-07-19,2976.61
537,2019-07-22,2985.03
538,2019-07-23,3005.47
539,2019-07-24,3019.56
540,2019-07-25,3003.67
541,2019-07-26,3025.86
542,2019-07-29,3020.97
543,2019-07-30,3013.18
544,2019-07-31,2980.38
545,2019-08-01,2953.56
546,2019-08-02,2932.05
547,2019-08-05,2844.74
548,2019-08-06,2881.77
549,2019-08-07,2883.98
550,2019-08-08,2938.09
551,2019-08-09,2918.65
552,2019-08-12,2883.75
553,2019-08-13,2926.32
554,2019-08-14,2840.6
555,2019-08-15,2847.6
556,2019-08-16,2888.68
557,2019-08-19,2923.65
558,2019-08-20,2900.51
559,2019-08-21,2924.43
560,2019-08-22,2922.95
561,2019-08-23,2847.11
562,2019-08-26,2878.38
563,2019-08-27,2869.16
564,2019-08-28,2887.94
565,2019-08-29,2924.58
566,2019-08-30,2926.46
567,2019-09-03,2906.27
568,2019-09-04,2937.78
569,2019-09-05,2976.0
570,2019-09-06,2978.71
571,2019-09-09,2978.43
572,2019-09-10,2979.39
573,2019-09-11,3000.93
574,2019-09-12,3009.57
575,2019-09-13,3007.39
576,2019-09-16,2997.96
577,2019-09-17,3005.7
578,2019-09-18,3006.73
579,2019-09-19,3006.79
580,2019-09-20,2992.07
581,2019-09-23,2991.78
582,2019-09-24,2966.6
583,2019-09-25,2984.87
584,2019-09-26,2977.62
585,2019-09-27,2961.79
586,2019-09-30,2976.74
587,2019-10-01,2940.25
588,2019-10-02,2887.61
589,2019-10-03,2910.63
590,2019-10-04,2952.01
591,2019-10-07,2938.79
592,2019-10-08,2893.06
593,2019-10-09,2919.4
594,2019-10-10,2938.13
595,2019-10-11,2970.27
596,2019-10-14,2966.15
597,2019-10-15,2995.68
598,2019-10-16,2989.69
599,2019-10-17,2997.95
600,2019-10-18,2986.2
601,2019-10-21,3006.72
602,2019-10-22,2995.99
603,2019-10-23,3004.52
604,2019-10-24,3010.29
605,2019-10-25,3022.55
606,2019-10-28,3039.42
607,2019-10-29,3036.89
608,2019-10-30,3046.77
609,2019-10-31,3037.56
610,2019-11-01,3066.91
611,2019-11-04,3078.27
612,2019-11-05,3074.62
613,2019-11-06,3076.78
614,2019-11-07,3085.18
615,2019-11-08,3093.08
616,2019-11-11,3087.01
617,2019-11-12,3091.84
618,2019-11-13,3094.04
619,2019-11-14,3096.63
620,2019-11-15,3120.46
621,2019-11-18,3122.03
622,2019-11-19,3120.18
623,2019-11-20,3108.46
624,2019-11-21,3103.54
625,2019-11-22,3110.29
626,2019-11-25,3133.64
627,2019-11-26,3140.52
628,2019-11-27,3153.63
629,2019-11-29,3140.98
630,2019-12-02,3113.87
631,2019-12-03,3093.2
632,2019-12-04,3112.76
633,2019-12-05,3117.43
634,2019-12-06,3145.91
635,2019-12-09,3135.96
636,2019-12-10,3132.52
637,2019-12-11,3141.63
638,2019-12-12,3168.57
639,2019-12-13,3168.8
640,2019-12-16,3191.45
641,2019-12-17,3192.52
642,2019-12-18,3191.14
643,2019-12-19,3205.37
644,2019-12-20,3221.22
645,2019-12-23,3224.01
646,2019-12-24,3223.38
647,2019-12-26,3239.91
648,2019-12-27,3240.02
649,2019-12-30,3221.29
650,2019-12-31,3230.78
651,2020-01-02,3257.85
652,2020-01-03,3234.85
653,2020-01-06,3246.28
654,2020-01-07,3237.18
655,2020-01-08,3253.05
656,2020-01-09,3274.7
657,2020-01-10,3265.35
658,2020-01-13,3288.13
659,2020-01-14,3283.15
660,2020-01-15,3289.29
661,2020-01-16,3316.81
662,2020-01-17,3329.62
663,2020-01-21,3320.79
664,2020-01-22,3321.75
665,2020-01-23,3325.54
666,2020-01-24,3295.47
667,2020-01-27,3243.63
668,2020-01-28,3276.24
669,2020-01-29,3273.4
670,2020-01-30,3283.66
671,2020-01-31,3225.52
672,2020-02-03,3248.92
673,2020-02-04,3297.59
674,2020-02-05,3334.69
675,2020-02-06,3345.78
676,2020-02-07,3327.71
677,2020-02-10,3352.09
678,2020-02-11,3357.75
679,2020-02-12,3379.45
680,2020-02-13,3373.94
681,2020-02-14,3380.16
682,2020-02-18,3370.29
683,2020-02-19,3386.15
684,2020-02-20,3373.23
685,2020-02-21,3337.75
686,2020-02-24,3225.89
687,2020-02-25,3128.21
688,2020-02-26,3116.39
689,2020-02-27,2978.76
690,2020-02-28,2954.22
691,2020-03-02,3090.23
692,2020-03-03,3003.37
693,2020-03-04,3130.12
694,2020-03-05,3023.94
695,2020-03-06,2972.37
696,2020-03-09,2746.56
697,2020-03-10,2882.23
698,2020-03-11,2741.38
699,2020-03-12,2480.64
700,2020-03-13,2711.02
701,2020-03-16,2386.13
702,2020-03-17,2529.19
703,2020-03-18,2398.1
704,2020-03-19,2409.39
705,2020-03-20,2304.92
706,2020-03-23,2237.4
707,2020-03-24,2447.33
708,2020-03-25,2475.56
709,2020-03-26,2630.07
710,2020-03-27,2541.47
711,2020-03-30,2626.65
712,2020-03-31,2584.59
713,2020-04-01,2470.5
714,2020-04-02,2526.9
715,2020-04-03,2488.65
716,2020-04-06,2663.68
717,2020-04-07,2659.41
718,2020-04-08,2749.98
719,2020-04-09,2789.82
720,2020-04-13,2761.63
721,2020-04-14,2846.06
722,2020-04-15,2783.36
723,2020-04-16,2799.55
724,2020-04-17,2874.56
725,2020-04-20,2823.16
726,2020-04-21,2736.56
727,2020-04-22,2799.31
728,2020-04-23,2797.8
729,2020-04-24,2836.74
730,2020-04-27,2878.48
731,2020-04-28,2863.39
732,2020-04-29,2939.51
733,2020-04-30,2912.43
734,2020-05-01,2830.71
735,2020-05-04,2842.74
736,2020-05-05,2868.44
737,2020-05-06,2848.42
738,2020-05-07,2881.19
739,2020-05-08,2929.8
740,2020-05-11,2930.32
741,2020-05-12,2870.12
742,2020-05-13,2820.0
743,2020-05-14,2852.5
744,2020-05-15,2863.7
745,2020-05-18,2953.91
746,2020-05-19,2922.94
747,2020-05-20,2971.61
748,2020-05-21,2948.51
749,2020-05-22,2955.45
750,2020-05-26,2991.77
751,2020-05-27,3036.13
752,2020-05-28,3029.73
753,2020-05-29,3044.31
754,2020-06-01,3055.73
755,2020-06-02,3080.82
756,2020-06-03,3122.87
757,2020-06-04,3112.35
758,2020-06-05,3193.93
759,2020-06-08,3232.39
760,2020-06-09,3207.18
761,2020-06-10,3190.14
762,2020-06-11,3002.1
763,2020-06-12,3041.31
764,2020-06-15,3066.59
765,2020-06-16,3124.74
766,2020-06-17,3113.49
767,2020-06-18,3115.34
768,2020-06-19,3097.74
769,2020-06-22,3117.86
770,2020-06-23,3131.29
771,2020-06-24,3050.33
772,2020-06-25,3083.76
773,2020-06-26,3009.05
774,2020-06-29,3053.24
775,2020-06-30,3100.29
776,2020-07-01,3115.86
777,2020-07-02,3130.01
778,2020-07-06,3179.72
779,2020-07-07,3145.32
780,2020-07-08,3169.94
781,2020-07-09,3152.05
782,2020-07-10,3185.04
783,2020-07-13,3155.22
784,2020-07-14,3197.52
785,2020-07-15,3226.56
786,2020-07-16,3215.57
787,2020-07-17,3224.73
788,2020-07-20,3251.84
789,2020-07-21,3257.3
790,2020-07-22,3276.02
791,2020-07-23,3235.66
792,2020-07-24,3215.63
793,2020-07-27,3239.41
794,2020-07-28,3218.44
795,2020-07-29,3258.44
796,2020-07-30,3246.22
797,2020-07-31,3271.12
798,2020-08-03,3294.61
799,2020-08-04,3306.51
800,2020-08-05,3327.77
801,2020-08-06,3349.16
802,2020-08-07,3351.28
803,2020-08-10,3360.47
804,2020-08-11,3333.69
805,2020-08-12,3380.35
806,2020-08-13,3373.43
807,2020-08-14,3372.85
808,2020-08-17,3381.99
809,2020-08-18,3389.78
810,2020-08-19,3374.85
811,2020-08-20,3385.51
812,2020-08-21,3397.16
813,2020-08-24,3431.28
814,2020-08-25,3443.62
815,2020-08-26,3478.73
816,2020-08-27,3484.55
817,2020-08-28,3508.01
818,2020-08-31,3500.31
819,2020-09-01,3526.65
820,2020-09-02,3580.84
821,2020-09-03,3455.06
822,2020-09-04,3426.96
823,2020-09-08,3331.84
824,2020-09-09,3398.96
825,2020-09-10,3339.19
826,2020-09-11,3340.97
827,2020-09-14,3383.54
828,2020-09-15,3401.2
829,2020-09-16,3385.49
830,2020-09-17,3357.01
831,2020-09-18,3319.47
832,2020-09-21,3281.06
833,2020-09-22,3315.57
834,2020-09-23,3236.92
835,2020-09-24,3246.59
836,2020-09-25,3298.46
837,2020-09-28,3351.6
838,2020-09-29,3335.47
839,2020-09-30,3363.0
840,2020-10-01,3380.8
841,2020-10-02,3348.44
842,2020-10-05,3408.63
843,2020-10-06,3360.95
844,2020-10-07,3419.45
845,2020-10-08,3446.83
846,2020-10-09,3477.13
847,2020-10-12,3534.22
848,2020-10-13,3511.93
849,2020-10-14,3488.67
850,2020-10-15,3483.34
851,2020-10-16,3483.81
852,2020-10-19,3426.92
853,2020-10-20,3443.12
854,2020-10-21,3435.56
855,2020-10-22,3453.49
856,2020-10-23,3465.39
857,2020-10-26,3400.97
858,2020-10-27,3390.68
859,2020-10-28,3271.03
860,2020-10-29,3310.11
861,2020-10-30,3269.96
862,2020-11-02,3310.24
863,2020-11-03,3369.16
864,2020-11-04,3443.44
865,2020-11-05,3510.45
866,2020-11-06,3509.44
867,2020-11-09,3550.5
868,2020-11-10,3545.53
869,2020-11-11,3572.66
870,2020-11-12,3537.01
871,2020-11-13,3585.15
872,2020-11-16,3626.91
873,2020-11-17,3609.53
874,2020-11-18,3567.79
875,2020-11-19,3581.87
876,2020-11-20,3557.54
877,2020-11-23,3577.59
878,2020-11-24,3635.41
879,2020-11-25,3629.65
880,2020-11-27,3638.35
881,2020-11-30,3621.63
882,2020-12-01,3662.45
883,2020-12-02,3669.01
884,2020-12-03,3666.72
885,2020-12-04,3699.12
886,2020-12-07,3691.96
887,2020-12-08,3702.25
888,2020-12-09,3672.82
889,2020-12-10,3668.1
890,2020-12-11,3663.46
891,2020-12-14,3647.49
892,2020-12-15,3694.62
893,2020-12-16,3701.17
894,2020-12-17,3722.48
895,2020-12-18,3709.41
896,2020-12-21,3694.92
897,2020-12-22,3687.26
898,2020-12-23,3690.01
899,2020-12-24,3703.06
900,2020-12-28,3735.36
901,2020-12-29,3727.04
902,2020-12-30,3732.04
903,2020-12-31,3756.07
904,2021-01-04,3700.65
905,2021-01-05,3726.86
906,2021-01-06,3748.14
907,2021-01-07,3803.79
908,2021-01-08,3824.68
909,2021-01-11,3799.61
910,2021-01-12,3801.19
911,2021-01-13,3809.84
912,2021-01-14,3795.54
913,2021-01-15,3768.25
914,2021-01-19,3798.91
915,2021-01-20,3851.85
916,2021-01-21,3853.07
917,2021-01-22,3841.47
918,2021-01-25,3855.36
919,2021-01-26,3849.62
920,2021-01-27,3750.77
921,2021-01-28,3787.38
922,2021-01-29,3714.24
923,2021-02-01,3773.86
924,2021-02-02,3826.31
925,2021-02-03,3830.17
926,2021-02-04,3871.74
927,2021-02-05,3886.83
928,2021-02-08,3915.59
929,2021-02-09,3911.23
930,2021-02-10,3909.88
931,2021-02-11,3916.38
932,2021-02-12,3934.83
933,2021-02-16,3932.59
934,2021-02-17,3931.33
935,2021-02-18,3913.97
936,2021-02-19,3906.71
937,2021-02-22,3876.5
938,2021-02-23,3881.37
939,2021-02-24,3925.43
940,2021-02-25,3829.34
941,2021-02-26,3811.15
942,2021-03-01,3901.82
943,2021-03-02,3870.29
944,2021-03-03,3819.72
945,2021-03-04,3768.47
946,2021-03-05,3841.94
947,2021-03-08,3821.35
948,2021-03-09,3875.44
949,2021-03-10,3898.81
950,2021-03-11,3939.34
951,2021-03-12,3943.34
952,2021-03-15,3968.94
953,2021-03-16,3962.71
954,2021-03-17,3974.12
955,2021-03-18,3915.46
956,2021-03-19,3913.1
957,2021-03-22,3940.59
958,2021-03-23,3910.52
959,2021-03-24,3889.14
960,2021-03-25,3909.52
961,2021-03-26,3974.54
962,2021-03-29,3971.09
963,2021-03-30,3958.55
964,2021-03-31,3972.89
965,2021-04-01,4019.87
966,2021-04-05,4077.91
967,2021-04-06,4073.94
968,2021-04-07,4079.95
969,2021-04-08,4097.17
970,2021-04-09,4128.8
971,2021-04-12,4127.99
972,2021-04-13,4141.59
973,2021-04-14,4124.66
974,2021-04-15,4170.42
975,2021-04-16,4185.47
976,2021-04-19,4163.26
977,2021-04-20,4134.94
978,2021-04-21,4173.42
979,2021-04-22,4134.98
980,2021-04-23,4180.17
981,2021-04-26,4187.62
982,2021-04-27,4186.72
983,2021-04-28,4183.18
984,2021-04-29,4211.47
985,2021-04-30,4181.17
986,2021-05-03,4192.66
987,2021-05-04,4164.66
988,2021-05-05,4167.59
989,2021-05-06,4201.62
990,2021-05-07,4232.6
991,2021-05-10,4188.43
992,2021-05-11,4152.1
993,2021-05-12,4063.04
994,2021-05-13,4112.5
995,2021-05-14,4173.85
996,2021-05-17,4163.29
997,2021-05-18,4127.83
998,2021-05-19,4115.68
999,2021-05-20,4159.12
1000,2021-05-21,4155.86
1001,2021-05-24,4197.05
1002,2021-05-25,4188.13
1003,2021-05-26,4195.99
1004,2021-05-27,4200.88
1005,2021-05-28,4204.11
1006,2021-06-01,4202.04
1007,2021-06-02,4208.12
1008,2021-06-03,4192.85
1009,2021-06-04,4229.89
1010,2021-06-07,4226.52
1011,2021-06-08,4227.26
1012,2021-06-09,4219.55
1013,2021-06-10,4239.18
1014,2021-06-11,4247.44
1015,2021-06-14,4255.15
1016,2021-06-15,4246.59
1017,2021-06-16,4223.7
1018,2021-06-17,4221.86
1019,2021-06-18,4166.45
1020,2021-06-21,4224.79
1021,2021-06-22,4246.44
1022,2021-06-23,4241.84
1023,2021-06-24,4266.49
1024,2021-06-25,4280.7
1025,2021-06-28,4290.61
1026,2021-06-29,4291.8
1027,2021-06-30,4297.5
1028,2021-07-01,4319.94
1029,2021-07-02,4352.34
1030,2021-07-06,4343.54
1031,2021-07-07,4358.13
1032,2021-07-08,4320.82
1033,2021-07-09,4369.55
1034,2021-07-12,4384.63
1035,2021-07-13,4369.21
1036,2021-07-14,4374.3
1037,2021-07-15,4360.03
1038,2021-07-16,4327.16
1039,2021-07-19,4258.49
1040,2021-07-20,4323.06
1041,2021-07-21,4358.69
1042,2021-07-22,4367.48
1043,2021-07-23,4411.79
1044,2021-07-26,4422.3
1045,2021-07-27,4401.46
1046,2021-07-28,4400.64
1047,2021-07-29,4419.15
1048,2021-07-30,4395.26
1049,2021-08-02,4387.16
1050,2021-08-03,4423.15
1051,2021-08-04,4402.66
1052,2021-08-05,4429.1
1053,2021-08-06,4436.52
1054,2021-08-09,4432.35
1055,2021-08-10,4436.75
1056,2021-08-11,4447.7
1057,2021-08-12,4460.83
1058,2021-08-13,4468.0
1059,2021-08-16,4479.71
1060,2021-08-17,4448.08
1061,2021-08-18,4400.27
1062,2021-08-19,4405.8
1063,2021-08-20,4441.67
1064,2021-08-23,4479.53
1065,2021-08-24,4486.23
1066,2021-08-25,4496.19
1067,2021-08-26,4470.0
1068,2021-08-27,4509.37
1069,2021-08-30,4528.79
1070,2021-08-31,4522.68
1071,2021-09-01,4524.09
1072,2021-09-02,4536.95
1073,2021-09-03,4535.43
1074,2021-09-07,4520.03
1075,2021-09-08,4514.07
1076,2021-09-09,4493.28
1077,2021-09-10,4458.58
1078,2021-09-13,4468.73
1079,2021-09-14,4443.05
1080,2021-09-15,4480.7
1081,2021-09-16,4473.75
1082,2021-09-17,4432.99
1083,2021-09-20,4357.73
1084,2021-09-21,4354.19
1085,2021-09-22,4395.64
1086,2021-09-23,4448.98
1087,2021-09-24,4455.48
1088,2021-09-27,4443.11
1089,2021-09-28,4352.63
1090,2021-09-29,4359.46
1091,2021-09-30,4307.54
1092,2021-10-01,4357.04
1093,2021-10-04,4300.46
1094,2021-10-05,4345.72
1095,2021-10-06,4363.55
1096,2021-10-07,4399.76
1097,2021-10-08,4391.34
1098,2021-10-11,4361.19
1099,2021-10-12,4350.65
1100,2021-10-13,4363.8
1101,2021-10-14,4438.26
1102,2021-10-15,4471.37
1103,2021-10-18,4486.46
1104,2021-10-19,4519.63
1105,2021-10-20,4536.19
1106,2021-10-21,4549.78
1107,2021-10-22,4544.9
1108,2021-10-25,4566.48
1109,2021-10-26,4574.79
1110,2021-10-27,4551.68
1111,2021-10-28,4596.42
1112,2021-10-29,4605.38
1113,2021-11-01,4613.67
1114,2021-11-02,4630.65
1115,2021-11-03,4660.57
1116,2021-11-04,4680.06
1117,2021-11-05,4697.53
1118,2021-11-08,4701.7
1119,2021-11-09,4685.25
1120,2021-11-10,4646.71
1121,2021-11-11,4649.27
1122,2021-11-12,4682.85
1123,2021-11-15,4682.8
1124,2021-11-16,4700.9
1125,2021-11-17,4688.67
1126,2021-11-18,4704.54
1127,2021-11-19,4697.96
1128,2021-11-22,4682.94
1129,2021-11-23,4690.7
1130,2021-11-24,4701.46
1131,2021-11-26,4594.62
1132,2021-11-29,4655.27
1133,2021-11-30,4567.0
1134,2021-12-01,4513.04
1135,2021-12-02,4577.1
1136,2021-12-03,4538.43
1137,2021-12-06,4591.67
1138,2021-12-07,4686.75
1139,2021-12-08,4701.21
1140,2021-12-09,4667.45
1141,2021-12-10,4712.02
1142,2021-12-13,4668.97
1143,2021-12-14,4634.09
1144,2021-12-15,4709.85
1145,2021-12-16,4668.67
1146,2021-12-17,4620.64
1147,2021-12-20,4568.02
1148,2021-12-21,4649.23
1149,2021-12-22,4696.56
1150,2021-12-23,4725.79
1151,2021-12-27,4791.19
1152,2021-12-28,4786.35
1153,2021-12-29,4793.06
1154,2021-12-30,4778.73
1155,2021-12-31,4766.18
1156,2022-01-03,4796.56
1157,2022-01-04,4793.54
1158,2022-01-05,4700.58
1159,2022-01-06,4696.05
1160,2022-01-07,4677.03
1161,2022-01-10,4670.29
1162,2022-01-11,4713.07
1163,2022-01-12,4726.35
1164,2022-01-13,4659.03
1165,2022-01-14,4662.85
1166,2022-01-18,4577.11
1167,2022-01-19,4532.76
1168,2022-01-20,4482.73
1169,2022-01-21,4397.94
1170,2022-01-24,4410.13
1171,2022-01-25,4356.45
1172,2022-01-26,4349.93
1173,2022-01-27,4326.51
1174,2022-01-28,4431.85
1175,2022-01-31,4515.55
1176,2022-02-01,4546.54
1177,2022-02-02,4589.38
1178,2022-02-03,4477.44
1179,2022-02-04,4500.53
1180,2022-02-07,4483.87
1181,2022-02-08,4521.54
1182,2022-02-09,4587.18
1183,2022-02-10,4504.08
1184,2022-02-11,4418.64
1185,2022-02-14,4401.67
1186,2022-02-15,4471.07
1187,2022-02-16,4475.01
1188,2022-02-17,4380.26
1189,2022-02-18,4348.87
1190,2022-02-22,4304.76
1191,2022-02-23,4225.5
1192,2022-02-24,4288.7
1193,2022-02-25,4384.65
1194,2022-02-28,4373.94
1195,2022-03-01,4306.26
1196,2022-03-02,4386.54
1197,2022-03-03,4363.49
1198,2022-03-04,4328.87
1199,2022-03-07,4201.09
1200,2022-03-08,4170.7
1201,2022-03-09,4277.88
1202,2022-03-10,4259.52
1203,2022-03-11,4204.31
1204,2022-03-14,4173.11
1205,2022-03-15,4262.45
1206,2022-03-16,4357.86
1207,2022-03-17,4411.67
1208,2022-03-18,4463.12
1209,2022-03-21,4461.18
1210,2022-03-22,4511.61
1211,2022-03-23,4456.24
1212,2022-03-24,4520.16
1213,2022-03-25,4543.06
1214,2022-03-28,4575.52
1215,2022-03-29,4631.6
1216,2022-03-30,4602.45
1217,2022-03-31,4530.41
1218,2022-04-01,4545.86
1219,2022-04-04,4582.64
1220,2022-04-05,4525.12
1221,2022-04-06,4481.15
1222,2022-04-07,4500.21
1223,2022-04-08,4488.28
1224,2022-04-11,4412.53
1225,2022-04-12,4397.45
1226,2022-04-13,4446.59
1227,2022-04-14,4392.59
1228,2022-04-18,4391.69
1229,2022-04-19,4462.21
1230,2022-04-20,4459.45
1231,2022-04-21,4393.66
1232,2022-04-22,4271.78
1233,2022-04-25,4296.12
1234,2022-04-26,4175.2
1235,2022-04-27,4183.96
1236,2022-04-28,4287.5
1237,2022-04-29,4131.93
1238,2022-05-02,4155.38
1239,2022-05-03,4175.48
1240,2022-05-04,4300.17
1241,2022-05-05,4146.87
1242,2022-05-06,4123.34
1243,2022-05-09,3991.24
1244,2022-05-10,4001.05
1245,2022-05-11,3935.18
1246,2022-05-12,3930.08
1247,2022-05-13,4023.89
1248,2022-05-16,4008.01
1249,2022-05-17,4088.85
1250,2022-05-18,3923.68
1251,2022-05-19,3900.79
1252,2022-05-20,3901.36
1253,2022-05-23,3973.75
1254,2022-05-24,3941.48
1255,2022-05-25,3978.73
1256,2022-05-26,4057.84
1257,2022-05-27,4158.24
1258,2022-05-31,4132.15
1259,2022-06-01,4101.23
1260,2022-06-02,4176.82
1261,2022-06-03,4108.54
1262,2022-06-06,4121.43
1263,2022-06-07,4160.68
1264,2022-06-08,4115.77
1265,2022-06-09,4017.82
1266,2022-06-10,3900.86
1267,2022-06-13,3749.63
1268,2022-06-14,3735.48
1269,2022-06-15,3789.99
1270,2022-06-16,3666.77
1271,2022-06-17,3674.84
1272,2022-06-21,3764.79
1273,2022-06-22,3759.89
1274,2022-06-23,3795.73
1275,2022-06-24,3911.74
1276,2022-06-27,3900.11
1277,2022-06-28,3821.55
1278,2022-06-29,3818.83
1279,2022-06-30,3785.38
1280,2022-07-01,3825.33
1281,2022-07-05,3831.39
1282,2022-07-06,3845.08
1283,2022-07-07,3902.62
1284,2022-07-08,3899.38
1285,2022-07-11,3854.43
1286,2022-07-12,3818.8
1287,2022-07-13,3801.78
1288,2022-07-14,3790.38
1289,2022-07-15,3863.16
1290,2022-07-18,3830.85
1291,2022-07-19,3936.69
1292,2022-07-20,3959.9
1293,2022-07-21,3998.95
1294,2022-07-22,3961.63
1295,2022-07-25,3966.84
1296,2022-07-26,3921.05
1297,2022-07-27,4023.61
1298,2022-07-28,4072.43
1299,2022-07-29,4130.29
1300,2022-08-01,4118.63
1301,2022-08-02,4091.19
1302,2022-08-03,4155.17
1303,2022-08-04,4151.94
1304,2022-08-05,4145.19
1305,2022-08-08,4140.06
1306,2022-08-09,4122.47
1307,2022-08-10,4210.24
1308,2022-08-11,4207.27
1309,2022-08-12,4280.15
1310,2022-08-15,4297.14
1311,2022-08-16,4305.2
1312,2022-08-17,4274.04
1313,2022-08-18,4283.74
1314,2022-08-19,4228.48
1315,2022-08-22,4137.99
1316,2022-08-23,4128.73
1317,2022-08-24,4140.77
1318,2022-08-25,4199.12
1319,2022-08-26,4057.66
1320,2022-08-29,4030.61
1321,2022-08-30,3986.16
1322,2022-08-31,3955.0
1323,2022-09-01,3966.85
1324,2022-09-02,3924.26
1325,2022-09-06,3908.19
1326,2022-09-07,3979.87
1327,2022-09-08,4006.18
1328,2022-09-09,4067.36
1329,2022-09-12,4110.41
1330,2022-09-13,3932.69
1331,2022-09-14,3946.01
1332,2022-09-15,3901.35
1333,2022-09-16,3873.33
1334,2022-09-19,3899.89
1335,2022-09-20,3855.93
1336,2022-09-21,3789.93
1337,2022-09-22,3757.99
1338,2022-09-23,3693.23
1339,2022-09-26,3655.04
1340,2022-09-27,3647.29
1341,2022-09-28,3719.04
1342,2022-09-29,3640.47
1343,2022-09-30,3585.62
1344,2022-10-03,3678.43
1345,2022-10-04,3790.93
1346,2022-10-05,3783.28
1347,2022-10-06,3744.52
1348,2022-10-07,3639.66
1349,2022-10-10,3612.39
1350,2022-10-11,3588.84
1351,2022-10-12,3577.03
1352,2022-10-13,3669.91
1353,2022-10-14,3583.07
1354,2022-10-17,3677.95
1355,2022-10-18,3719.98
1356,2022-10-19,3695.16
1357,2022-10-20,3665.78
1358,2022-10-21,3752.75
1359,2022-10-24,3797.34
1360,2022-10-25,3859.11
1361,2022-10-26,3830.6
1362,2022-10-27,3807.3
1363,2022-10-28,3901.06
1364,2022-10-31,3871.98
1365,2022-11-01,3856.1
1366,2022-11-02,3759.69
1367,2022-11-03,3719.89
1368,2022-11-04,3770.55
1369,2022-11-07,3806.8
1370,2022-11-08,3828.11
1371,2022-11-09,3748.57
1372,2022-11-10,3956.37
1373,2022-11-11,3992.93
1374,2022-11-14,3957.25
1375,2022-11-15,3991.73
1376,2022-11-16,3958.79
1377,2022-11-17,3946.56
1378,2022-11-18,3965.34
1379,2022-11-21,3949.94
1380,2022-11-22,4003.58
1381,2022-11-23,4027.26
1382,2022-11-25,4026.12
1383,2022-11-28,3963.94
1384,2022-11-29,3957.63
1385,2022-11-30,4080.11
1386,2022-12-01,4076.57
1387,2022-12-02,4071.7
1388,2022-12-05,3998.84
1389,2022-12-06,3941.26
1390,2022-12-07,3933.92
1391,2022-12-08,3963.51
1392,2022-12-09,3934.38
1393,2022-12-12,3990.56
1394,2022-12-13,4019.65
1395,2022-12-14,3995.32
1396,2022-12-15,3895.75
1397,2022-12-16,3852.36
1398,2022-12-19,3817.66
1399,2022-12-20,3821.62
1400,2022-12-21,3878.44
1401,2022-12-22,3822.39
1402,2022-12-23,3844.82
1403,2022-12-27,3829.25
1404,2022-12-28,3783.22
1405,2022-12-29,3849.28
1406,2022-12-30,3839.5
1407,2023-01-03,3824.14
1408,2023-01-04,3852.97
1409,2023-01-05,3808.1
1410,2023-01-06,3895.08
1411,2023-01-09,3892.09
1412,2023-01-10,3919.25
1413,2023-01-11,3969.61
1414,2023-01-12,3983.17
1415,2023-01-13,3999.09
1416,2023-01-17,3990.97
1417,2023-01-18,3928.86
1418,2023-01-19,3898.85
1419,2023-01-20,3972.61
1420,2023-01-23,4019.81
1421,2023-01-24,4016.95
1422,2023-01-25,4016.22
1423,2023-01-26,4060.43
1424,2023-01-27,4070.56
1425,2023-01-30,4017.77
1426,2023-01-31,4076.6
1427,2023-02-01,4119.21
1428,2023-02-02,4179.76
1429,2023-02-03,4136.48
1430,2023-02-06,4111.08
1431,2023-02-07,4164.0
1432,2023-02-08,4117.86
1433,2023-02-09,4081.5
1434,2023-02-10,4090.46
1435,2023-02-13,4137.29
1436,2023-02-14,4136.13
1437,2023-02-15,4147.6
1438,2023-02-16,4090.41
1439,2023-02-17,4079.09
1440,2023-02-21,3997.34
1441,2023-02-22,3991.05
1442,2023-02-23,4012.32
1443,2023-02-24,3970.04
1444,2023-02-27,3982.24
1445,2023-02-28,3970.15
1446,2023-03-01,3951.39
1447,2023-03-02,3981.35
1448,2023-03-03,4045.64
1449,2023-03-06,4048.42
1450,2023-03-07,3986.37
1451,2023-03-08,3992.01
1452,2023-03-09,3918.32
1453,2023-03-10,3861.59
1454,2023-03-13,3855.76
1455,2023-03-14,3919.29
1456,2023-03-15,3891.93
1457,2023-03-16,3960.28
1458,2023-03-17,3916.64
1459,2023-03-20,3951.57
1460,2023-03-21,4002.87
1461,2023-03-22,3936.97
1462,2023-03-23,3948.72
1463,2023-03-24,3970.99
1464,2023-03-27,3977.53
1465,2023-03-28,3971.27
1466,2023-03-29,4027.81
1467,2023-03-30,4050.83
1468,2023-03-31,4109.31
1469,2023-04-03,4124.51
1470,2023-04-04,4100.6
1471,2023-04-05,4090.38
1472,2023-04-06,4105.02
1473,2023-04-10,4109.11
1474,2023-04-11,4108.94
1475,2023-04-12,4091.95
1476,2023-04-13,4146.22
1477,2023-04-14,4137.64
1478,2023-04-17,4151.32
1479,2023-04-18,4154.87
1480,2023-04-19,4154.52
1481,2023-04-20,4129.79
1482,2023-04-21,4133.52
1483,2023-04-24,4137.04
1484,2023-04-25,4071.63
1485,2023-04-26,4055.99
1486,2023-04-27,4135.35
1487,2023-04-28,4169.48
1488,2023-05-01,4167.87
1489,2023-05-02,4119.58
1490,2023-05-03,4090.75
1491,2023-05-04,4061.22
1492,2023-05-05,4136.25
1493,2023-05-08,4138.12
1494,2023-05-09,4119.17
1495,2023-05-10,4137.64
1496,2023-05-11,4130.62
1497,2023-05-12,4124.08
1498,2023-05-15,4136.28
1499,2023-05-16,4109.9
1500,2023-05-17,4158.77
1501,2023-05-18,4198.05
1502,2023-05-19,4191.98
1503,2023-05-22,4192.63
1504,2023-05-23,4145.58
1505,2023-05-24,4115.24
1506,2023-05-25,4151.28
1507,2023-05-26,4205.45
1508,2023-05-30,4205.52
1509,2023-05-31,4179.83
1510,2023-06-01,4221.02
1511,2023-06-02,4282.37
1512,2023-06-05,4273.79
1513,2023-06-06,4283.85
1514,2023-06-07,4267.52
1515,2023-06-08,4293.93
1516,2023-06-09,4298.86
1517,2023-06-12,4338.93
1518,2023-06-13,4369.01
1519,2023-06-14,4372.59
1520,2023-06-15,4425.84
1521,2023-06-16,4409.59
1522,2023-06-20,4388.71
1523,2023-06-21,4365.69
1524,2023-06-22,4381.89
1525,2023-06-23,4348.33
1526,2023-06-26,4328.82
1527,2023-06-27,4378.41
1528,2023-06-28,4376.86
1529,2023-06-29,4396.44
1530,2023-06-30,4450.38
1531,2023-07-03,4455.59
1532,2023-07-05,4446.82
1533,2023-07-06,4411.59
1534,2023-07-07,4398.95
1535,2023-07-10,4409.53
1536,2023-07-11,4439.26
1537,2023-07-12,4472.16
1538,2023-07-13,4510.04
1539,2023-07-14,4505.42
1540,2023-07-17,4522.79
1541,2023-07-18,4554.98
1542,2023-07-19,4565.72
1543,2023-07-20,4534.87
1544,2023-07-21,4536.34
1545,2023-07-24,4554.64
1546,2023-07-25,4567.46
1547,2023-07-26,4566.75
1548,2023-07-27,4537.41
1549,2023-07-28,4582.23
1550,2023-07-31,4588.96
1551,2023-08-01,4576.73
1552,2023-08-02,4513.39
1553,2023-08-03,4501.89
1554,2023-08-04,4478.03
1555,2023-08-07,4518.44
1556,2023-08-08,4499.38
1557,2023-08-09,4467.71
1558,2023-08-10,4468.83
1559,2023-08-11,4464.05
1560,2023-08-14,4489.72
1561,2023-08-15,4437.86
1562,2023-08-16,4404.33
1563,2023-08-17,4370.36
1564,2023-08-18,4369.71
1565,2023-08-21,4399.77
1566,2023-08-22,4387.55
1567,2023-08-23,4436.01
1568,2023-08-24,4376.31
1569,2023-08-25,4405.71
1570,2023-08-28,4433.31
1571,2023-08-29,4497.63
1572,2023-08-30,4514.87
1573,2023-08-31,4507.66
1574,2023-09-01,4515.77
1575,2023-09-05,4496.83
1576,2023-09-06,4465.48
1577,2023-09-07,4451.14
1578,2023-09-08,4457.49
1579,2023-09-11,4487.46
1580,2023-09-12,4461.9
1581,2023-09-13,4467.44
1582,2023-09-14,4505.1
1583,2023-09-15,4450.32
1584,2023-09-18,4453.53
1585,2023-09-19,4443.95
1586,2023-09-20,4402.2
1587,2023-09-21,4330.0
1588,2023-09-22,4320.06
1589,2023-09-25,4337.44
1590,2023-09-26,4273.53
1591,2023-09-27,4274.51
1592,2023-09-28,4299.7
1593,2023-09-29,4288.05
1594,2023-10-02,4288.39
1595,2023-10-03,4229.45
1596,2023-10-04,4263.75
1597,2023-10-05,4258.19
1598,2023-10-06,4308.5
1599,2023-10-09,4335.66
1600,2023-10-10,4358.24
1601,2023-10-11,4376.95
1602,2023-10-12,4349.61
1603,2023-10-13,4327.78
1604,2023-10-16,4373.63
1605,2023-10-17,4373.2
1606,2023-10-18,4314.6
1607,2023-10-19,4278.0
1608,2023-10-20,4224.16
1609,2023-10-23,4217.04
1610,2023-10-24,4247.68
1611,2023-10-25,4186.77
1612,2023-10-26,4137.23
1613,2023-10-27,4117.37
1614,2023-10-30,4166.82
1615,2023-10-31,4193.8
1616,2023-11-01,4237.86
1617,2023-11-02,4317.78
1618,2023-11-03,4358.34
1619,2023-11-06,4365.98
1620,2023-11-07,4378.38
1621,2023-11-08,4382.78
1622,2023-11-09,4347.35
1623,2023-11-10,4415.24
1624,2023-11-13,4411.55
1625,2023-11-14,4495.7
1626,2023-11-15,4502.88
1627,2023-11-16,4508.24
1628,2023-11-17,4514.02
1629,2023-11-20,4547.38
1630,2023-11-21,4538.19
1631,2023-11-22,4556.62
1632,2023-11-24,4559.34
1633,2023-11-27,4550.43
1634,2023-11-28,4554.89
1635,2023-11-29,4550.58
1636,2023-11-30,4567.8
1637,2023-12-01,4594.63
1638,2023-12-04,4569.78
1639,2023-12-05,4567.18
1640,2023-12-06,4549.34
1641,2023-12-07,4585.59
1642,2023-12-08,4604.37
1643,2023-12-11,4622.44
1644,2023-12-12,4643.7
1645,2023-12-13,4707.09
1646,2023-12-14,4719.55
1647,2023-12-15,4719.19
1648,2023-12-18,4740.56
1649,2023-12-19,4768.37
1650,2023-12-20,4698.35
1651,2023-12-21,4746.75
1652,2023-12-22,4754.63
1653,2023-12-26,4774.75
1654,2023-12-27,4781.58
1655,2023-12-28,4783.35
1656,2023-12-29,4769.83
1657,2024-01-02,4742.83
1658,2024-01-03,4704.81
1659,2024-01-04,4688.68
1660,2024-01-05,4697.24
1661,2024-01-08,4763.54
1662,2024-01-09,4756.5
1663,2024-01-10,4783.45
1664,2024-01-11,4780.24
1665,2024-01-12,4783.83
1666,2024-01-16,4765.98
1667,2024-01-17,4739.21
1668,2024-01-18,4780.94
1669,2024-01-19,4839.81
1670,2024-01-22,4850.43
1671,2024-01-23,4864.6
1672,2024-01-24,4868.55
1673,2024-01-25,4894.16
1674,2024-01-26,4890.97
1675,2024-01-29,4927.93
1676,2024-01-30,4924.97
1677,2024-01-31,4845.65
1678,2024-02-01,4906.19
1679,2024-02-02,4958.61
1680,2024-02-05,4942.81
1681,2024-02-06,4954.23
1682,2024-02-07,4995.06
1683,2024-02-08,4997.91
1684,2024-02-09,5026.61
1685,2024-02-12,5021.84
1686,2024-02-13,4953.17
1687,2024-02-14,5000.62
1688,2024-02-15,5029.73
1689,2024-02-16,5005.57
1690,2024-02-20,4975.51
1691,2024-02-21,4981.8
1692,2024-02-22,5087.03
1693,2024-02-23,5088.8
1694,2024-02-26,5069.53
1695,2024-02-27,5078.18
1696,2024-02-28,5069.76
1697,2024-02-29,5096.27
1698,2024-03-01,5137.08
1699,2024-03-04,5130.95
1700,2024-03-05,5078.65
1701,2024-03-06,5104.76
1702,2024-03-07,5157.36
1703,2024-03-08,5123.69
1704,2024-03-11,5117.94
1705,2024-03-12,5175.27
1706,2024-03-13,5165.31
1707,2024-03-14,5150.48
1708,2024-03-15,5117.09
1709,2024-03-18,5149.42
1710,2024-03-19,5178.51
1711,2024-03-20,5224.62
1712,2024-03-21,5241.53
1713,2024-03-22,5234.18
1714,2024-03-25,5218.19
1715,2024-03-26,5203.58
1716,2024-03-27,5248.49
1717,2024-03-28,5254.35
1718,2024-04-01,5243.77
1719,2024-04-02,5205.81
1720,2024-04-03,5211.49
1721,2024-04-04,5147.21
1722,2024-04-05,5204.34
1723,2024-04-08,5202.39
1724,2024-04-09,5209.91
1725,2024-04-10,5160.64
1726,2024-04-11,5199.06
1727,2024-04-12,5123.41
1728,2024-04-15,5061.82
1729,2024-04-16,5051.41
1730,2024-04-17,5022.21
1731,2024-04-18,5011.12
1732,2024-04-19,4967.23
1733,2024-04-22,5010.6
1734,2024-04-23,5070.55
1735,2024-04-24,5071.63
1736,2024-04-25,5048.42
1737,2024-04-26,5099.96
1738,2024-04-29,5116.17
1739,2024-04-30,5035.69
1740,2024-05-01,5018.39
1741,2024-05-02,5064.2
1742,2024-05-03,5127.79
1743,2024-05-06,5180.74
1744,2024-05-07,5187.7
1745,2024-05-08,5187.67
1746,2024-05-09,5214.08
1747,2024-05-10,5222.68
1748,2024-05-13,5221.42
1749,2024-05-14,5246.68
1750,2024-05-15,5308.15
1751,2024-05-16,5297.1
1752,2024-05-17,5303.27
1753,2024-05-20,5308.13
1754,2024-05-21,5321.41
1755,2024-05-22,5307.01
1756,2024-05-23,5267.84
1757,2024-05-24,5304.72
1758,2024-05-28,5306.04
1759,2024-05-29,5266.95
1760,2024-05-30,5235.48
1761,2024-05-31,5277.51
1762,2024-06-03,5283.4
1763,2024-06-04,5291.34
1764,2024-06-05,5354.03
1765,2024-06-06,5352.96
1766,2024-06-07,5346.99
1767,2024-06-10,5360.79
1768,2024-06-11,5375.32
1769,2024-06-12,5421.03
1770,2024-06-13,5433.74
1771,2024-06-14,5431.6
1772,2024-06-17,5473.23
1773,2024-06-18,5487.03
1774,2024-06-20,5473.17
1775,2024-06-21,5464.62
1776,2024-06-24,5447.87
1777,2024-06-25,5469.3
1778,2024-06-26,5477.9
1779,2024-06-27,5482.87
1780,2024-06-28,5460.48
1781,2024-07-01,5475.09
